{"cameraMode":{"drawMode":0,"name":"Shaded","section":"Shading Mode"},"sceneLighting":false,"audioPlay":false,"sceneViewState":{"m_AlwaysRefresh":false,"showFog":true,"showSkybox":false,"showFlares":true,"showImageEffects":true,"showParticleSystems":true,"showVisualEffectGraphs":true,"m_FxEnabled":true},"in2DMode":false,"pivot":{"x":-26.699369430541993,"y":2.019369602203369,"z":-1.9297723770141602},"rotation":{"x":0.08288915455341339,"y":-0.8814637064933777,"z":0.16860780119895936,"w":0.43331584334373476},"size":22.347309112548829,"orthographic":false}