{"cameraMode":{"drawMode":0,"name":"Shaded","section":"Shading Mode"},"sceneLighting":false,"audioPlay":false,"sceneViewState":{"m_AlwaysRefresh":false,"showFog":true,"showSkybox":false,"showFlares":true,"showImageEffects":true,"showParticleSystems":true,"showVisualEffectGraphs":true,"m_FxEnabled":true},"in2DMode":false,"pivot":{"x":2.1445682048797609,"y":10.179388999938965,"z":-10.353906631469727},"rotation":{"x":0.10658156126737595,"y":-0.49608129262924197,"z":0.06136872246861458,"w":0.8594125509262085},"size":10.963257789611817,"orthographic":false}