{"cameraMode":{"drawMode":3,"name":"Shadow Cascades","section":"Miscellaneous"},"sceneLighting":true,"audioPlay":false,"sceneViewState":{"m_AlwaysRefresh":false,"showFog":true,"showSkybox":false,"showFlares":true,"showImageEffects":true,"showParticleSystems":true,"showVisualEffectGraphs":true,"m_FxEnabled":true},"in2DMode":false,"pivot":{"x":-3.037189483642578,"y":7.513554573059082,"z":0.9770364761352539},"rotation":{"x":0.0013350095832720399,"y":-0.9928557872772217,"z":0.009217632003128529,"w":0.11851713806390763},"size":12.069436073303223,"orthographic":false}