{"cameraMode":{"drawMode":0,"name":"Shaded","section":"Shading Mode"},"sceneLighting":false,"audioPlay":false,"sceneViewState":{"m_AlwaysRefresh":false,"showFog":true,"showSkybox":false,"showFlares":true,"showImageEffects":true,"showParticleSystems":true,"showVisualEffectGraphs":true,"m_FxEnabled":true},"in2DMode":false,"pivot":{"x":1.899685263633728,"y":-1.0114765167236329,"z":-1.0950661897659302},"rotation":{"x":0.04828200489282608,"y":0.016491947695612909,"z":-0.0008348687551915646,"w":0.9986477494239807},"size":11.265865325927735,"orthographic":false}