{"cameraMode":{"drawMode":0,"name":"Shaded","section":"Shading Mode"},"sceneLighting":false,"audioPlay":false,"sceneViewState":{"m_AlwaysRefresh":false,"showFog":true,"showSkybox":false,"showFlares":true,"showImageEffects":true,"showParticleSystems":true,"showVisualEffectGraphs":true,"m_FxEnabled":true},"in2DMode":false,"pivot":{"x":-5.708437442779541,"y":0.5763869285583496,"z":-15.613138198852539},"rotation":{"x":0.032422132790088657,"y":-0.9505786895751953,"z":0.10623552650213242,"w":0.2896837592124939},"size":10.963257789611817,"orthographic":false}