{"cameraMode":{"drawMode":0,"name":"Shaded","section":"Shading Mode"},"sceneLighting":false,"audioPlay":false,"sceneViewState":{"m_AlwaysRefresh":false,"showFog":true,"showSkybox":false,"showFlares":true,"showImageEffects":true,"showParticleSystems":true,"showVisualEffectGraphs":true,"m_FxEnabled":true},"in2DMode":false,"pivot":{"x":-3.4840188026428224,"y":-0.18742142617702485,"z":-2.244112253189087},"rotation":{"x":-0.14050103724002839,"y":0.7236595153808594,"z":-0.15438160300254823,"w":-0.6576926112174988},"size":10.731379508972168,"orthographic":false}