{"cameraMode":{"drawMode":0,"name":"Shaded","section":"Shading Mode"},"sceneLighting":false,"audioPlay":false,"sceneViewState":{"m_AlwaysRefresh":false,"showFog":true,"showSkybox":false,"showFlares":true,"showImageEffects":true,"showParticleSystems":true,"showVisualEffectGraphs":true,"m_FxEnabled":true},"in2DMode":false,"pivot":{"x":-11.659247398376465,"y":-0.3421637713909149,"z":0.24927008152008058},"rotation":{"x":-0.11339443176984787,"y":0.7499988079071045,"z":-0.13314610719680787,"w":-0.6377461552619934},"size":10.731379508972168,"orthographic":false}