{"cameraMode":{"drawMode":0,"name":"Shaded","section":"Shading Mode"},"sceneLighting":false,"audioPlay":false,"sceneViewState":{"m_AlwaysRefresh":false,"showFog":true,"showSkybox":false,"showFlares":true,"showImageEffects":true,"showParticleSystems":true,"showVisualEffectGraphs":true,"m_FxEnabled":true},"in2DMode":false,"pivot":{"x":-5.430000305175781,"y":0.09000001847743988,"z":0.13000011444091798},"rotation":{"x":0.01056332141160965,"y":-0.9797444939613342,"z":0.05324152112007141,"w":0.19229669868946076},"size":11.937335968017579,"orthographic":false}