{"cameraMode":{"drawMode":0,"name":"Shaded","section":"Shading Mode"},"sceneLighting":false,"audioPlay":false,"sceneViewState":{"m_AlwaysRefresh":false,"showFog":true,"showSkybox":false,"showFlares":true,"showImageEffects":true,"showParticleSystems":true,"showVisualEffectGraphs":true,"m_FxEnabled":true},"in2DMode":false,"pivot":{"x":-0.19107495248317719,"y":-3.841918706893921,"z":6.2633209228515629},"rotation":{"x":-0.23402339220046998,"y":0.2058076560497284,"z":-0.050651129335165027,"w":-0.9487643837928772},"size":13.917807579040528,"orthographic":false}