{"cameraMode":{"drawMode":0,"name":"Shaded","section":"Shading Mode"},"sceneLighting":false,"audioPlay":false,"sceneViewState":{"m_AlwaysRefresh":false,"showFog":true,"showSkybox":false,"showFlares":true,"showImageEffects":true,"showParticleSystems":true,"showVisualEffectGraphs":true,"m_FxEnabled":true},"in2DMode":false,"pivot":{"x":4.4296793937683109,"y":4.667185306549072,"z":-2.5609469413757326},"rotation":{"x":0.008477088063955307,"y":0.9851470589637756,"z":-0.16284328699111939,"w":0.05207664147019386},"size":10.963257789611817,"orthographic":false}