{"cameraMode":{"drawMode":0,"name":"Shaded","section":"Shading Mode"},"sceneLighting":false,"audioPlay":false,"sceneViewState":{"m_AlwaysRefresh":false,"showFog":true,"showSkybox":false,"showFlares":true,"showImageEffects":true,"showParticleSystems":true,"showVisualEffectGraphs":true,"m_FxEnabled":true},"in2DMode":false,"pivot":{"x":-7.3335347175598148,"y":-0.40402936935424807,"z":-1.1792869567871094},"rotation":{"x":-0.11167079955339432,"y":0.10206800699234009,"z":-0.01150166243314743,"w":-0.9883975982666016},"size":13.282204627990723,"orthographic":false}