{"cameraMode":{"drawMode":0,"name":"Shaded","section":"Shading Mode"},"sceneLighting":true,"audioPlay":false,"sceneViewState":{"m_AlwaysRefresh":false,"showFog":true,"showSkybox":true,"showFlares":true,"showImageEffects":true,"showParticleSystems":true,"showVisualEffectGraphs":true,"m_FxEnabled":true},"in2DMode":false,"pivot":{"x":319.47625732421877,"y":266.5124206542969,"z":-0.48370361328125},"rotation":{"x":0.025776943191885949,"y":0.040474675595760348,"z":-0.0011967726750299335,"w":0.998711109161377},"size":363.9622802734375,"orthographic":false}