{"cameraMode":{"drawMode":0,"name":"Shaded","section":"Shading Mode"},"sceneLighting":true,"audioPlay":false,"sceneViewState":{"m_AlwaysRefresh":false,"showFog":true,"showSkybox":true,"showFlares":true,"showImageEffects":true,"showParticleSystems":true,"showVisualEffectGraphs":true,"m_FxEnabled":true},"in2DMode":false,"pivot":{"x":668.5523681640625,"y":591.0315551757813,"z":-338.85394287109377},"rotation":{"x":-0.08565470576286316,"y":-0.029624653980135919,"z":0.002743731252849102,"w":-0.9958356618881226},"size":80.62257385253906,"orthographic":false}