{"cameraMode":{"drawMode":0,"name":"Shaded","section":"Shading Mode"},"sceneLighting":true,"audioPlay":false,"sceneViewState":{"m_AlwaysRefresh":false,"showFog":true,"showSkybox":true,"showFlares":true,"showImageEffects":true,"showParticleSystems":true,"showVisualEffectGraphs":true,"m_FxEnabled":true},"in2DMode":false,"pivot":{"x":-2.1048169136047365,"y":4.133325099945068,"z":-7.5052618980407719},"rotation":{"x":-0.032700683921575549,"y":0.7143375873565674,"z":-0.03347063064575195,"w":-0.6982568502426148},"size":6.719646453857422,"orthographic":false}