{"cameraMode":{"drawMode":0,"name":"Shaded","section":"Shading Mode"},"sceneLighting":true,"audioPlay":false,"sceneViewState":{"m_AlwaysRefresh":false,"showFog":true,"showSkybox":true,"showFlares":true,"showImageEffects":true,"showParticleSystems":true,"showVisualEffectGraphs":true,"m_FxEnabled":true},"in2DMode":false,"pivot":{"x":141.13201904296876,"y":24.218111038208009,"z":270.90814208984377},"rotation":{"x":-0.09426584839820862,"y":0.7087705135345459,"z":-0.09648925065994263,"w":-0.6923792958259583},"size":10.731379508972168,"orthographic":false}