{"cameraMode":{"drawMode":0,"name":"Shaded","section":"Shading Mode"},"sceneLighting":true,"audioPlay":false,"sceneViewState":{"m_AlwaysRefresh":false,"showFog":true,"showSkybox":true,"showFlares":true,"showImageEffects":true,"showParticleSystems":true,"showVisualEffectGraphs":true,"m_FxEnabled":true},"in2DMode":false,"pivot":{"x":-4.862843990325928,"y":4.010657787322998,"z":-13.231485366821289},"rotation":{"x":0.023127654567360879,"y":-0.7450951933860779,"z":0.02599950134754181,"w":0.6658744215965271},"size":20.831275939941408,"orthographic":false}