{"cameraMode":{"drawMode":0,"name":"Shaded","section":"Shading Mode"},"sceneLighting":true,"audioPlay":false,"sceneViewState":{"m_AlwaysRefresh":false,"showFog":true,"showSkybox":true,"showFlares":true,"showImageEffects":true,"showParticleSystems":true,"showVisualEffectGraphs":true,"m_FxEnabled":true},"in2DMode":false,"pivot":{"x":75.56352996826172,"y":11.00428581237793,"z":154.5154571533203},"rotation":{"x":-0.02843286097049713,"y":0.16327250003814698,"z":-0.004608660936355591,"w":-0.9860707521438599},"size":0.6399292349815369,"orthographic":false}